N_MEMB;READ_TSP;BUILD_ALL_EDGES;SORT_EDGES;BUILD_MST;BUILD_TOUR;
52.000000;0.043072;0.010343;0.007635;0.006079;0.001233;
1002.000000;0.051912;2.112709;1.509799;0.059487;0.037262;
225.000000;0.045329;0.103140;0.065625;0.015464;0.003397;
101.000000;0.043936;0.024496;0.014147;0.009720;0.001808;
280.000000;0.044878;0.166743;0.096614;0.018615;0.004749;
