N_MEMB;READ_TSP;BUILD_ALL_EDGES;SORT_EDGES;BUILD_MST;
52.000000;0.049138;0.001566;0.005941;0.007205;
280.000000;0.056241;0.014917;0.077565;0.020099;
225.000000;0.054490;0.011381;0.040665;0.020231;
101.000000;0.058407;0.003496;0.018170;0.012129;
1002.000000;0.057683;0.198548;1.009766;0.107321;
18512.000000;0.004362;2.190324;34.892681;0.222371;
1002.000000;0.062088;0.180649;0.861718;0.115545;
