N_MEMB;READ_TSP;BUILD_ALL_EDGES;SORT_EDGES;BUILD_MST;
1002.000000;0.052476;2.217069;1.542765;0.142423;
225.000000;0.048757;0.104886;0.063392;0.014516;
52.000000;0.044101;0.008225;0.007617;0.006463;
101.000000;0.041210;0.024463;0.013672;0.008883;
280.000000;0.042747;0.166141;0.091116;0.016455;
