N_MEMB;READ_TSP;BUILD_ALL_EDGES;SORT_EDGES;BUILD_MST;
52.000000;0.044079;0.008189;0.007691;0.006677;
1002.000000;0.052066;2.122864;1.505810;0.123679;
